#{"t_start": 1718442257.5480845, "env_id": "None"}
r,l,t
-403.87744,50,7.179443
-439.05505,51,7.192149
-337.3662,51,7.192185
-361.3742,52,7.203995
-441.0866,53,7.216634
-478.89142,53,7.216668
-430.55728,54,7.228922
-468.45554,54,7.228964
-491.02423,55,7.240447
-530.2168,57,7.265211
-545.2158,58,7.280365
-463.048,58,7.280407
-536.412,58,7.280435
-550.2595,58,7.280459
-542.06274,58,7.280484
-565.0875,59,7.292411
-586.6011,61,7.316931
-578.98706,61,7.316959
-496.51965,61,7.316983
-598.92554,61,7.317006
-617.4217,63,7.340213
-495.35953,63,7.340249
-528.80194,65,7.364051
-557.6703,65,7.364084
-611.7158,65,7.364109
-612.1316,66,7.37986
-522.3754,66,7.379898
-647.3752,67,7.393867
-643.04095,67,7.393909
-559.46545,68,7.405893
-563.2791,69,7.417525
-678.0786,70,7.429242
-533.2887,71,7.44209
-641.2313,71,7.442124
-696.36865,71,7.442147
-524.4352,72,7.454111
-659.7154,72,7.454145
-697.5429,73,7.465206
-676.68677,74,7.476621
-701.54456,74,7.476655
-380.79648,49,13.153646
-399.31683,50,13.167903
-352.67487,50,13.16793
-421.01355,50,13.167948
-374.94702,51,13.179907
-351.74496,52,13.191456
-490.48547,54,13.214527
-497.65613,54,13.214547
-353.20737,55,13.228461
-383.05014,55,13.228479
-496.9181,55,13.228494
-439.07706,55,13.228508
-518.78735,56,13.241099
-464.45667,56,13.241118
-502.5167,56,13.241133
-551.8175,58,13.268858
-514.90186,58,13.268885
-545.94434,58,13.268902
-564.5243,58,13.268918
-563.261,59,13.282249
-523.02014,59,13.282272
-499.20853,59,13.282292
-574.1199,60,13.29417
-504.986,61,13.305719
-551.5427,61,13.30574
-606.56177,63,13.327543
-618.2231,63,13.327563
-455.70493,64,13.33831
-524.79785,65,13.349757
-513.682,66,13.360474
-544.03424,67,13.372662
-514.46844,67,13.377064
-547.2732,68,13.389319
-639.8292,69,13.402096
-559.40594,70,13.414083
-612.76385,70,13.414106
-548.3389,72,13.436324
-826.47675,76,13.480525
-794.4634,77,13.496857
-543.36536,78,13.511095
-861.2687,78,13.511113
-836.816,78,13.511129
-362.31512,50,19.88937
-384.73578,50,19.889393
-360.56662,52,19.914738
-354.7458,52,19.914757
-344.32397,53,19.927571
-481.76117,53,19.927588
-401.7543,53,19.927601
-433.954,54,19.938913
-496.8791,55,19.950805
-490.42493,55,19.950821
-526.1964,56,19.963417
-394.5098,56,19.963432
-511.55594,56,19.963447
-540.52856,57,19.974338
-515.8823,58,19.986606
-477.8619,58,19.986621
-484.093,58,19.986633
-516.8683,60,20.00976
-459.34308,61,20.020575
-507.10306,62,20.031989
-499.22778,62,20.032006
-604.43414,63,20.043541
-620.8426,63,20.043558
-592.2621,64,20.054272
-598.9564,65,20.066595
-628.9463,65,20.066612
-514.59656,65,20.066625
-555.6335,68,20.098413
-531.6128,68,20.098432
-597.333,69,20.112234
-556.0786,69,20.112262
-650.22144,71,20.133839
-571.273,72,20.146621
-605.6913,72,20.146636
-643.3114,72,20.146651
-718.32,73,20.158518
-523.8582,73,20.158535
-550.95776,74,20.170114
-703.16705,74,20.170132
-773.49475,75,20.181393
-556.3292,75,20.181411
-398.32452,49,26.292041
-410.56964,50,26.305476
-414.25766,50,26.305492
-336.1771,50,26.305506
-366.93665,50,26.305518
-392.72006,51,26.317431
-437.09366,51,26.31745
-377.414,52,26.329981
-380.93396,52,26.329997
-456.85205,52,26.33001
-483.33865,53,26.341013
-447.8409,54,26.354378
-469.20853,54,26.354393
-481.25085,54,26.354406
-495.21878,54,26.35442
-475.8205,54,26.354433
-503.7954,55,26.365603
-431.70007,55,26.36562
-538.2258,58,26.399078
-443.94727,58,26.399095
-435.82376,60,26.421837
-565.29175,60,26.421853
-567.2886,60,26.421866
-476.17905,60,26.421879
-591.3028,61,26.432607
-613.33044,62,26.446925
-513.2715,62,26.44694
-590.84454,62,26.446954
-527.99915,62,26.446967
-467.66156,62,26.44698
-601.4697,62,26.446992
-600.41705,62,26.447004
-499.05933,65,26.476576
-547.7152,65,26.476593
-633.5518,66,26.486552
-536.3372,67,26.49906
-583.5608,68,26.509252
-634.8348,69,26.519337
-661.75256,70,26.529386
-688.23016,71,26.540212
-605.6881,71,26.54023
-561.9869,73,26.559736
-675.27893,74,26.570394
-610.8373,74,26.57041
-522.93317,75,26.580163
-799.86975,76,26.58989
20.812416,76,4.865704
-240.44086,83,4.87833
-96.85963,62,4.878402
-295.60324,90,4.89096
-140.0253,101,4.891026
-213.90915,68,4.916728
-291.97375,94,4.929011
-124.71339,87,4.929078
-87.86321,84,4.940502
-93.83726,102,4.951796
-164.78073,116,4.983958
-91.68086,84,5.032871
-88.88974,85,5.032943
-97.63838,67,5.05539
-104.36722,69,5.099514
-93.34046,69,5.111063
-529.2777,94,5.125814
-186.29106,125,5.148804
-136.46614,65,5.161128
-100.71343,71,5.161194
-328.78784,114,5.194447
-97.67766,71,5.232207
-145.10722,57,5.232278
-157.58958,127,5.232331
-120.73064,102,5.25428
-322.03064,84,5.286146
-256.2615,90,5.29669
-139.58243,62,5.353988
-363.31775,112,5.365532
-87.0835,101,5.387369
-89.444824,80,5.419584
-386.6623,94,5.455554
-81.52963,98,5.498676
-390.73828,96,5.561898
-100.21408,75,5.561969
-97.061424,81,5.562003
-72.76689,76,5.629545
-53.89894,62,5.668317
-113.35767,82,5.691796
-121.091934,86,5.704129
-116.94898,72,5.716926
-121.222694,82,5.716991
-206.42117,66,5.752284
-86.05016,130,5.765615
-208.55606,116,5.768062
-117.04501,77,5.780399
-264.3255,112,5.815048
-110.90168,73,5.909795
-235.43958,119,5.958429
-295.04083,109,5.958501
-288.2741,124,5.970814
-225.7496,103,5.983015
-161.81644,109,6.011147
-490.01282,97,6.011219
-271.7196,93,6.023234
-250.70045,100,6.069381
-228.31326,83,6.082344
-122.821434,78,6.082412
-88.59873,69,6.108694
-255.20828,101,6.120409
-308.42804,93,6.132373
-75.56543,115,6.145311
-107.85007,77,6.14538
-383.67435,105,6.157076
-90.9806,77,6.168736
-123.88928,90,6.19267
-146.31003,98,6.192738
7.2808456,87,6.231104
-338.44077,117,6.23117
-143.41525,71,6.242888
-101.203415,75,6.264629
-327.87915,84,6.296609
-260.11044,100,6.332881
-159.11537,96,6.365414
-144.97147,61,6.398122
-113.46686,77,6.423051
-422.1294,133,6.458217
-221.55023,130,6.469716
-451.3407,118,6.504135
-67.64149,68,6.5042
-92.861984,67,6.515466
-392.5001,94,6.573655
-252.31631,89,6.619482
-238.3764,77,6.63426
-403.87744,50,7.182333
-439.05505,51,7.195018
-337.3662,51,7.195085
-361.3742,52,7.206896
-441.0866,53,7.219505
-478.89142,53,7.219572
-430.55728,54,7.23178
-468.45554,54,7.231849
-491.02423,55,7.243331
-530.2168,57,7.26571
-545.2158,58,7.283141
-463.048,58,7.283213
-536.412,58,7.283249
-550.2595,58,7.283278
-542.06274,58,7.283307
-565.0875,59,7.295305
-586.6011,61,7.319751
-578.98706,61,7.319817
-496.51965,61,7.319849
-598.92554,61,7.319877
-617.4217,63,7.343076
-495.35953,63,7.343142
-528.80194,65,7.366891
-557.6703,65,7.366959
-611.7158,65,7.366991
-612.1316,66,7.379926
-522.3754,66,7.382753
-647.3752,67,7.396709
-643.04095,67,7.396787
-559.46545,68,7.408793
-563.2791,69,7.420425
-678.0786,70,7.432146
-533.2887,71,7.444933
-641.2313,71,7.444998
-696.36865,71,7.445029
-524.4352,72,7.456977
-659.7154,72,7.457042
-697.5429,73,7.468107
-676.68677,74,7.479493
-701.54456,74,7.479558
-685.8614,75,7.522957
-817.92114,75,7.523027
-657.7611,76,7.533284
-511.55048,77,7.54327
-695.5893,78,7.56052
-745.76447,79,7.570255
-686.2782,80,7.580078
-736.5951,81,7.589749
-743.9872,82,7.602902
-1051.8665,89,7.66638
-319.97348,53,7.846347
-287.78183,58,7.89178
-248.36603,56,7.891854
-385.11942,60,7.940191
-375.61453,61,7.963643
-233.64798,59,7.97551
-270.85345,68,7.997862
-398.81442,62,8.009819
-414.78702,60,8.025245
-451.7802,68,8.025319
-120.313324,58,8.070155
-211.67932,68,8.081792
-282.96472,70,8.14115
-482.80582,83,8.164455
-506.46805,77,8.17848
-245.3908,69,8.178574
-582.755,83,8.178628
-203.94693,72,8.217587
-248.81715,67,8.245895
-509.9667,82,8.258217
-69.003174,67,8.281231
-553.3291,82,8.293528
-82.18501,74,8.306278
-171.03297,73,8.306346
-292.86926,79,8.318381
-461.3532,87,8.33144
-188.06758,69,8.333869
-287.58124,88,8.333932
-337.88702,81,8.3466
-154.28188,71,8.346672
1.5662231,86,8.368441
-279.88318,88,8.36851
-101.622314,77,8.399046
-107.0827,80,8.411041
-84.33028,73,8.41111
-125.92503,83,8.457061
-130.32445,87,8.468289
-346.21814,91,8.490121
-117.38275,89,8.502112
-106.99344,94,8.502186
-374.97714,100,8.52394
-285.24408,90,8.534806
-97.83287,102,8.569243
-188.89207,106,8.641275
-378.47482,109,8.70975
-181.56061,71,8.721206
-113.82684,105,8.754344
-196.13739,74,8.803914
-201.50766,109,8.83846
-233.95999,74,8.879174
-109.063156,117,8.890801
-461.514,96,8.970071
-117.865166,114,8.985731
-137.8353,94,8.997908
-93.571304,124,9.009788
-193.29224,89,9.066941
-131.03818,96,9.125992
-108.426,76,9.126047
-150.93297,95,9.136007
-216.24274,65,9.155697
-375.46262,87,9.185467
-233.70726,80,9.19817
-146.44632,108,9.220431
-108.93405,79,9.230513
-110.84548,93,9.251216
-136.82152,96,9.251273
-172.3071,94,9.262334
-168.41342,81,9.262387
-176.5708,95,9.262404
-117.14369,62,9.271944
-161.38037,76,9.324054
-102.388306,118,9.333984
-95.8492,83,9.343944
-99.723366,63,9.354338
-236.63881,94,9.354392
-101.471466,91,9.364285
-151.33977,95,9.383356
-185.67157,94,9.383415
-121.40769,98,9.404814
-177.26288,64,9.425526
-148.48587,100,9.471115
-160.50113,105,9.471177
-225.6352,128,9.520972
-217.12851,122,9.568294
-114.945206,66,9.577939
-60.812492,77,9.636142
-118.602196,107,9.657643
-179.50076,143,9.668936
-271.28748,122,9.668989
-550.81067,108,9.678616
-69.37677,65,9.687898
-385.75925,108,9.706
-163.30124,125,9.731566
-289.71484,113,9.731636
-232.29738,135,9.740784
-445.50906,119,9.75037
-339.16772,98,9.776734
-104.244415,60,9.795041
-129.14908,131,9.813044
-142.5657,62,9.82284
-88.84898,123,9.849611
-206.33405,77,9.858988
-248.07175,62,9.895474
-134.77586,90,9.905062
-118.926476,103,9.923086
-155.55795,101,9.951808
-50.77073,69,9.951859
-341.56,82,9.961602
-143.68466,83,9.97928
-472.37604,85,9.988481
-336.26782,72,9.988533
-415.93298,90,10.068861
-81.23116,68,10.068914
-77.61512,84,10.078493
-97.67031,72,10.087811
-95.292915,74,10.097179
-150.7706,128,10.106415
-133.64128,111,10.124931
-188.82288,79,10.134195
-112.32117,59,10.166334
-339.21326,95,10.17727
-108.9223,91,10.177322
-156.09933,72,10.195026
-96.87479,75,10.221159
-144.4567,93,10.309626
-82.67294,66,10.31992
-135.74834,130,10.319969
-113.54577,102,10.36687
-97.173874,110,10.422477
-119.66089,103,10.432593
-95.97358,63,10.451758
-179.60406,96,10.481371
-67.474594,74,10.484375
-101.60481,126,10.516881
-137.54008,78,10.516936
-162.49063,86,10.536174
-360.27695,90,10.555634
-48.213573,123,10.56568
-249.1074,66,10.585003
-276.35165,88,10.587414
-205.25235,103,10.618917
-49.990913,66,10.618971
-188.64114,92,10.647717
-144.55383,71,10.657576
-411.27985,126,10.686291
-95.28208,98,10.710275
-77.53114,65,10.720954
-278.13995,88,10.730717
-67.349556,111,10.750926
-87.33974,57,10.750981
-337.66107,96,10.761192
-116.02415,77,10.761244
-95.73578,78,10.770736
-430.76773,92,10.781303
-26.929153,111,10.781353
27.469986,151,10.781369
-55.01114,69,10.799283
-95.47617,84,10.821538
-119.28285,75,10.832119
-121.4218,73,10.832171
-370.35355,101,10.832188
-119.60241,117,10.856436
20.166374,99,10.889908
-121.774734,69,10.906992
-120.602325,74,10.928971
-283.498,120,10.964377
-110.40463,97,11.017792
-137.16219,94,11.05952
-270.76062,91,11.069409
-411.57462,97,11.079376
-204.84573,101,11.079427
-34.702957,119,11.11611
-108.94643,84,11.137917
-155.01611,66,11.159018
-131.60869,75,11.159073
-78.805786,72,11.185933
-172.60925,107,11.214364
-246.20561,83,11.246637
-90.99249,67,11.268194
-28.401176,139,11.268248
-89.95828,70,11.268267
-476.20966,104,11.340635
-371.59497,105,11.353279
-141.52634,87,11.365086
-221.53392,106,11.411692
-201.12955,100,11.432153
-141.12096,90,11.432206
-143.60889,88,11.442235
-157.29832,68,11.457445
-267.74005,76,11.467894
-72.30427,71,11.467945
-175.97522,75,11.487795
31.950668,68,11.487846
-308.30634,77,11.506267
-188.24469,86,11.524411
-75.5446,61,11.565721
-422.06085,83,11.575663
-134.86508,79,11.59538
-126.46075,97,11.595432
-172.953,93,11.622275
-422.08304,92,11.641684
-113.03973,93,11.652146
-114.75417,74,11.652203
-188.17206,77,11.662544
-300.04285,122,11.686724
-68.47207,57,11.706743
-247.23477,87,11.706796
-243.2466,64,11.716384
-238.35847,119,11.735711
-143.73767,94,11.735764
-238.77954,125,11.762338
-191.4986,121,11.803317
-257.792,67,11.823004
-120.76083,114,11.823056
-72.73552,61,11.868475
-224.18997,69,11.86853
-148.26299,83,11.880438
-259.73926,68,11.892369
-122.336136,118,11.93101
-127.3628,113,11.931063
-93.33349,79,11.941129
-96.94667,108,11.951098
-267.25903,84,11.951151
-87.88124,60,11.960923
-23.629204,92,11.988381
-168.17621,141,12.037817
-135.20996,104,12.047263
-242.00626,73,12.074968
-146.57823,83,12.084612
-100.693665,64,12.095641
-326.20648,84,12.098043
-99.74766,71,12.146316
-100.36647,112,12.174117
-96.3058,71,12.184163
-218.76758,67,12.235416
-89.927055,86,12.264805
-185.06924,68,12.312748
-68.75929,69,12.339558
-122.75731,72,12.33961
-213.00772,163,12.378647
-45.583862,71,12.388849
-190.38876,95,12.400143
-31.268692,70,12.400195
-105.27008,106,12.400213
-103.40146,87,12.431432
-93.76701,72,12.4315
-294.73193,97,12.431522
-104.318665,73,12.462737
-183.32874,87,12.462791
-92.352455,127,12.509824
-89.63743,69,12.509878
-105.984726,70,12.519904
-104.92827,82,12.553316
-94.83857,105,12.55337
-27.076042,114,12.571715
-223.94241,120,12.627024
-358.03946,89,12.65198
-182.51036,106,12.65203
-112.64552,60,12.69922
-62.092266,65,12.699284
-380.79648,49,13.154427
-399.31683,50,13.170768
-352.67487,50,13.170834
-421.01355,50,13.170859
-374.94702,51,13.182823
-351.74496,52,13.194372
-490.48547,54,13.217422
-497.65613,54,13.217482
-353.20737,55,13.231303
-383.05014,55,13.231378
-496.9181,55,13.231402
-439.07706,55,13.23142
-518.78735,56,13.243974
-464.45667,56,13.244035
-502.5167,56,13.244057
-551.8175,58,13.267789
-514.90186,58,13.268248
-545.94434,58,13.271573
-564.5243,58,13.271763
-563.261,59,13.285107
-523.02014,59,13.285174
-499.20853,59,13.285201
-574.1199,60,13.297087
-504.986,61,13.308614
-551.5427,61,13.308675
-606.56177,63,13.330439
-618.2231,63,13.330498
-455.70493,64,13.341222
-524.79785,65,13.352671
-513.682,66,13.363392
-544.03424,67,13.374897
-514.46844,67,13.375455
-547.2732,68,13.392222
-639.8292,69,13.40501
-559.40594,70,13.416977
-612.76385,70,13.417039
-548.3389,72,13.439239
-826.47675,76,13.482926
-794.4634,77,13.499764
-543.36536,78,13.513971
-861.2687,78,13.514031
-836.816,78,13.514054
-704.00024,79,13.536385
-843.1511,79,13.536451
-654.934,81,13.557074
-757.9327,82,13.568279
-758.13074,82,13.56834
-800.92944,83,13.578709
-796.0686,83,13.578771
-919.646,84,13.588162
-351.95392,51,13.82377
-372.70255,56,13.823853
-305.57983,57,13.834891
-300.9773,58,13.868009
-233.17052,55,13.880378
-491.49725,62,13.880439
-236.43259,56,13.932703
-268.15823,57,13.966284
-495.93323,66,13.999536
-346.74445,64,14.011681
-429.4185,61,14.040376
-420.24454,70,14.063697
-326.01395,59,14.075585
-443.0399,69,14.087437
-411.88477,65,14.099029
-435.8597,76,14.111161
-604.3537,80,14.122823
-347.6599,83,14.153525
-465.26904,78,14.153585
-374.13818,70,14.153608
-514.44434,76,14.165589
-259.79596,67,14.165652
-622.2931,81,14.176775
-291.6167,76,14.188582
-374.68692,71,14.188643
-521.15063,83,14.22174
-319.29208,84,14.221801
-534.39417,81,14.233093
-110.63615,70,14.233154
-350.62357,70,14.261443
-551.23517,82,14.27263
-238.93521,62,14.283994
-409.99838,87,14.294891
-81.45917,64,14.316185
-235.4012,83,14.337733
-537.21924,91,14.337794
-200.99573,88,14.43328
-397.0067,93,14.512257
-318.80096,87,14.545392
-348.8538,100,14.557193
0.87960815,91,14.579504
-74.31253,95,14.628886
-56.360878,59,14.641964
-79.89026,95,14.642025
-420.3651,96,14.642047
-94.57467,65,14.653476
-196.58922,102,14.700896
-273.32883,97,14.724034
-105.995445,100,14.724094
-357.01544,106,14.735257
-128.036,73,14.758446
-281.3124,77,14.808255
-130.03171,82,14.80833
-107.71495,73,14.841788
-197.34975,87,14.864521
-60.333294,66,14.875907
-86.11437,62,14.887426
-278.2387,116,14.924416
-164.24036,68,14.93665
-106.858475,70,14.936712
-71.67752,66,14.947827
-331.1067,118,14.959025
-187.29578,70,15.015443
-97.63701,71,15.027349
-461.56482,86,15.060106
-96.741264,80,15.093218
-61.57071,79,15.104612
-127.10538,92,15.151286
-179.26013,92,15.196795
-124.25038,87,15.247295
-74.33774,82,15.259473
-71.89256,107,15.284635
-147.16649,122,15.284696
-190.43718,87,15.307713
-172.80988,107,15.345948
-109.17194,102,15.357982
-492.158,94,15.369905
-367.98035,105,15.403579
-151.10583,101,15.415264
-79.97551,75,15.427647
-464.9938,98,15.430048
-185.58643,122,15.454031
-165.38348,81,15.465701
-243.86432,96,15.477246
-48.61673,64,15.510604
-177.73279,79,15.510666
-114.74324,68,15.524749
-112.61088,113,15.580056
-197.15396,97,15.592033
-121.76248,115,15.603503
-107.336914,82,15.614724
-106.8089,78,15.64851
-310.67807,93,15.663794
-204.27942,63,15.675624
-106.11519,115,15.686959
-115.96521,90,15.709116
-206.93495,72,15.743541
-183.96478,93,15.743601
-93.715866,79,15.780063
-431.34308,98,15.791162
-293.08765,128,15.856688
23.060905,84,15.87158
-97.121315,76,15.918183
-386.62943,95,15.931149
-119.477394,82,15.931209
-182.07616,109,15.943173
-379.79727,86,15.965969
-376.05,108,15.981994
-429.05212,88,15.982058
-92.477875,59,16.015772
-139.43585,77,16.015831
-145.42099,87,16.059547
-113.1727,73,16.071001
-158.9312,98,16.097738
-141.90724,109,16.0978
-147.01886,87,16.140055
-118.46244,68,16.151008
-60.325115,61,16.230741
-465.4659,81,16.242627
-178.00021,70,16.254714
-156.98962,77,16.316616
-154.84512,62,16.316684
-157.93527,126,16.351156
-199.74225,111,16.37347
-81.97621,86,16.38647
-226.63885,145,16.450095
-106.47906,85,16.473698
-161.5322,94,16.551804
-162.42517,118,16.565654
-317.47412,75,16.565714
-90.04672,88,16.565736
-131.88106,84,16.578304
-180.61534,77,16.578364
-397.95352,103,16.589852
-88.60316,72,16.60175
-157.35416,114,16.629293
-249.81102,101,16.629354
-143.03072,116,16.640788
-139.57141,85,16.663005
-88.33719,58,16.6742
-185.1409,103,16.705491
-124.88251,106,16.719396
-52.802803,102,16.742172
-88.53625,76,16.775382
-87.75552,69,16.797634
-131.81664,106,16.857578
-57.455948,132,16.85764
-102.42232,72,16.868987
-102.71647,80,16.891089
-145.09529,79,16.902722
-150.01184,104,16.942177
-95.19913,73,16.942241
-273.57123,99,16.965377
-236.23032,72,16.998982
-244.50832,93,17.021674
-165.32979,99,17.036248
-131.43669,83,17.049142
-189.9342,68,17.049203
-297.64716,77,17.071274
-199.78928,127,17.115619
-90.816895,119,17.153366
-261.4477,103,17.153428
-116.30685,107,17.198042
-54.866707,70,17.210253
-215.81065,130,17.221894
-45.540104,129,17.302783
-97.72736,85,17.326387
-119.87342,59,17.32645
-195.73242,106,17.352737
-115.92287,68,17.387048
-165.11304,65,17.423023
-388.0208,87,17.423084
-220.72124,113,17.434972
-176.23859,77,17.474048
-100.35793,102,17.47411
-161.17188,104,17.486371
-106.25419,61,17.520988
-121.2974,58,17.545738
-66.42329,82,17.545801
-189.99149,82,17.545823
-118.05049,80,17.572464
-127.9767,86,17.584577
-261.24933,72,17.629098
-139.96356,88,17.641776
-86.383644,82,17.641836
-295.90582,139,17.664658
-407.80338,93,17.667033
-470.21933,106,17.71138
-532.46564,95,17.745365
-86.436485,63,17.745425
-86.91525,106,17.804158
-171.00606,75,17.827379
-184.07617,124,17.827436
-317.8231,117,17.861516
-325.12347,98,17.873231
-400.32138,99,17.913417
-223.9218,104,17.93701
-107.08712,136,17.937073
-94.20186,68,17.959209
-212.7111,79,18.007824
-351.37445,96,18.030175
-292.53915,96,18.041759
-78.98737,86,18.053682
-109.75337,89,18.075913
-137.13222,81,18.169242
-261.5425,81,18.182752
-247.63998,103,18.182812
-88.49615,112,18.182833
-136.49991,73,18.194187
-100.731895,69,18.208696
-186.51135,93,18.220854
-107.282524,109,18.232981
-132.60947,101,18.244754
-106.44508,127,18.366962
-150.30713,94,18.417188
-112.94015,84,18.429369
-268.13892,118,18.441204
-253.86769,114,18.499734
-235.65459,102,18.538636
-214.97849,86,18.563232
-104.75671,69,18.563293
-126.972855,92,18.575673
-15.957245,61,18.588016
-133.54668,100,18.612369
-113.81652,102,18.639801
-307.6723,110,18.665305
-328.4347,84,18.665367
-106.79388,62,18.677732
-243.00323,101,18.677794
-334.8363,126,18.700429
-413.48517,90,18.734344
-178.99463,97,18.736713
-408.2805,94,18.759732
-217.77423,86,18.771898
-82.83372,84,18.806548
-126.72298,99,18.80661
-75.00908,65,18.818261
-298.9564,112,18.854613
-101.43171,88,18.876962
-72.97385,75,18.899099
-415.8082,108,18.921877
-190.05536,117,18.933422
-394.24872,119,18.958314
-183.4335,117,18.95837
-265.18155,126,18.969223
-121.571335,108,18.990378
-137.54565,68,19.04216
-129.11578,89,19.076789
-145.31546,77,19.088187
-509.00937,93,19.164495
-89.215195,112,19.189695
-239.27734,111,19.212538
-83.98396,110,19.223762
-141.43475,62,19.258304
-314.6385,112,19.271612
-114.851265,95,19.297395
-30.125832,66,19.329899
-63.191246,64,19.35275
-114.38665,78,19.352811
-379.72287,98,19.375553
-362.31512,50,19.892263
-384.73578,50,19.892328
-360.56662,52,19.917637
-354.7458,52,19.917698
-344.32397,53,19.930456
-481.76117,53,19.930516
-401.7543,53,19.930535
-433.954,54,19.941832
-496.8791,55,19.953706
-490.42493,55,19.953764
-526.1964,56,19.966305
-394.5098,56,19.96636
-511.55594,56,19.96638
-540.52856,57,19.97726
-515.8823,58,19.989491
-477.8619,58,19.989548
-484.093,58,19.989567
-516.8683,60,20.010362
-459.34308,61,20.0235
-507.10306,62,20.034891
-499.22778,62,20.034949
-604.43414,63,20.046444
-620.8426,63,20.046501
-592.2621,64,20.057192
-598.9564,65,20.069481
-628.9463,65,20.06954
-514.59656,65,20.069559
-555.6335,68,20.101313
-531.6128,68,20.101375
-597.333,69,20.112818
-556.0786,69,20.115164
-650.22144,71,20.136757
-571.273,72,20.149506
-605.6913,72,20.149563
-643.3114,72,20.149585
-718.32,73,20.161422
-523.8582,73,20.161479
-550.95776,74,20.173014
-703.16705,74,20.173074
-773.49475,75,20.184294
-556.3292,75,20.184354
-562.79694,77,20.22247
-809.0,79,20.243856
-860.401,80,20.254005
-753.84753,81,20.264059
-753.8051,81,20.264119
-960.6283,82,20.273162
-756.1944,83,20.282518
-963.09827,84,20.291616
-948.3443,86,20.308682
-301.14905,52,20.461083
-302.86896,52,20.491659
-410.09586,60,20.544329
-289.91434,56,20.569163
-357.12234,58,20.580379
-345.70135,59,20.602653
-216.95483,52,20.673403
-286.25113,64,20.673463
-234.4558,65,20.673483
-214.12817,56,20.673498
-451.60333,67,20.685015
-339.8575,65,20.696662
-179.8589,59,20.708265
-505.60266,75,20.740663
-207.15651,66,20.765031
-255.97212,67,20.76509
-536.91943,81,20.818494
-413.74722,77,20.878301
-341.41672,79,20.878358
-256.56512,78,20.878378
-103.37314,67,20.900481
-190.7941,79,20.923666
-561.174,91,20.923726
-468.42404,91,20.94595
-201.41765,74,20.969369
-400.28897,94,20.971755
-100.52753,68,20.971799
-405.8499,80,20.983392
-507.3835,91,20.99455
-143.39755,81,21.005379
-70.80495,77,21.026619
-511.60764,95,21.037443
-360.2051,86,21.04839
-156.78134,77,21.104008
-132.7986,78,21.104069
-100.42086,88,21.115265
-281.98126,98,21.126161
-396.8779,91,21.147943
52.0578,90,21.148003
-218.16025,92,21.158718
-130.01437,96,21.190119
-127.80606,55,21.203737
-291.66614,94,21.203793
-395.73608,94,21.2145
-249.09569,90,21.225248
-360.02124,105,21.225305
-266.51868,89,21.253967
-159.62929,65,21.294559
-155.77206,58,21.317859
-115.87049,74,21.370588
-194.58298,105,21.392392
-249.49313,72,21.403701
-75.65251,66,21.427021
-416.5745,104,21.437869
-156.44353,66,21.470191
-309.05414,93,21.491836
-114.083305,75,21.503337
-193.3057,113,21.503401
-104.12846,75,21.51476
-133.62468,78,21.569563
-507.31653,97,21.569624
-109.4186,62,21.581257
-157.64734,64,21.581315
-127.51726,86,21.623785
-81.02233,64,21.626353
-288.09232,80,21.64764
-110.5243,62,21.647696
-427.89902,91,21.678197
3.7910233,87,21.720329
-82.744415,65,21.731561
-373.43793,86,21.766189
-312.4395,71,21.766249
-124.11385,149,21.831396
-100.07802,82,21.842693
-147.61534,76,21.957463
-332.06677,98,21.96004
-138.04953,99,21.972326
-61.711433,76,21.985335
-99.983795,71,21.985393
-188.47195,71,21.985412
-120.3807,94,22.044845
-243.07376,86,22.056612
-44.885212,103,22.068058
-279.4528,104,22.126316
-183.20224,67,22.149681
-44.743534,85,22.161365
-201.07042,96,22.174055
-243.70384,102,22.176531
-101.44497,69,22.18892
-233.40634,109,22.18898
-118.828735,90,22.200187
-134.71222,80,22.221841
-108.540306,72,22.254235
-137.03802,62,22.276603
-99.09761,68,22.279043
-146.04881,118,22.301862
-70.43071,106,22.30192
-171.7069,105,22.333891
-77.51945,74,22.35531
-332.63336,120,22.387472
-110.69575,79,22.400916
-211.69345,106,22.411534
-119.402176,77,22.443985
-62.576183,91,22.455467
-345.77982,109,22.478016
-139.20944,65,22.478073
-206.20999,123,22.523229
-158.67786,67,22.534527
-247.02888,95,22.566697
-89.23442,107,22.57844
-65.83145,84,22.600347
-91.25409,81,22.600408
-292.24286,88,22.62437
-88.05153,70,22.647183
-327.47388,120,22.647237
-170.7251,94,22.647259
-112.884926,53,22.657644
-78.69854,64,22.689235
-161.09152,63,22.755014
-137.7543,72,22.788527
-115.022194,104,22.800423
-475.12503,77,22.836044
-191.28093,106,22.848157
-150.31662,145,22.848219
-82.071075,91,22.870964
-233.74962,78,22.871023
-227.35806,83,22.923226
-268.6772,130,22.93476
-149.46165,68,22.948889
-110.512596,58,22.948947
-126.77634,68,22.959682
-258.04898,114,23.012744
-193.83887,127,23.012801
-92.10789,85,23.023537
-111.468025,81,23.068035
-233.40005,118,23.099434
-137.04477,86,23.131544
-65.63205,79,23.153684
-109.598854,93,23.166784
-199.46756,108,23.199253
-147.53934,84,23.210609
-94.89099,75,23.243509
-380.0766,93,23.254869
-131.60544,87,23.30128
-102.74472,78,23.31289
-129.48792,92,23.324496
-145.65187,106,23.357514
-166.14719,111,23.427122
-159.7142,105,23.427181
-266.89093,118,23.473758
-129.28639,82,23.50043
-138.9474,92,23.512307
-292.24765,93,23.569003
-130.61597,78,23.569063
-127.68088,108,23.606499
-317.14493,92,23.606559
-170.46677,91,23.629344
-61.58992,114,23.641114
-116.3799,105,23.663846
-76.543106,102,23.686544
-70.344406,67,23.711508
-203.77762,102,23.778087
-115.5298,75,23.803893
-196.24492,119,23.803952
-117.88855,75,23.873425
-258.59302,75,23.885828
-62.302116,84,23.90182
-103.93703,59,23.901879
-104.69694,132,23.901898
-86.35703,67,23.913918
-223.24577,97,23.913976
32.819168,113,23.936223
-68.31018,76,23.948
-135.76155,98,23.970884
-228.80914,88,23.970944
-152.55434,121,23.982836
-305.76532,107,23.982895
-322.3923,94,24.004911
-163.89355,101,24.029117
-41.153683,69,24.050968
-3.8836975,68,24.104332
-165.24829,70,24.117487
-213.32207,112,24.15629
-218.35165,89,24.18973
-154.92299,123,24.202221
-147.85791,118,24.202281
-389.91968,97,24.225229
-223.76581,122,24.239436
-289.29584,140,24.250817
-97.59367,62,24.293531
-191.47517,78,24.338004
-199.40685,147,24.34042
-161.2961,149,24.351629
-55.851524,64,24.372954
-114.68,71,24.39529
-163.61217,103,24.395348
-480.45197,99,24.406129
-103.49488,108,24.417137
-143.28989,126,24.462584
-310.02844,99,24.473553
-176.38548,89,24.505394
-133.6195,87,24.516592
-321.11456,80,24.559471
-363.29248,93,24.573031
-71.19324,63,24.626389
-98.63024,107,24.659306
-78.788025,70,24.696162
-142.74156,78,24.696223
-76.87973,96,24.707785
-79.98299,74,24.719148
-332.12817,83,24.730263
-407.73343,95,24.751641
-238.0718,101,24.840206
-91.81875,72,24.862987
-70.420815,102,24.879296
-197.16817,132,24.879352
-159.72905,94,24.879381
-134.94373,86,24.879398
-136.0246,61,24.912539
-129.59235,91,24.93487
-371.0121,119,24.967125
-405.83572,92,25.013555
-185.98141,97,25.013614
-366.02417,91,25.056759
-106.66668,67,25.101209
-96.66607,65,25.12658
-345.56766,111,25.14973
-119.599915,92,25.149789
-358.61093,104,25.161414
-277.89496,108,25.205845
-273.20648,95,25.230618
-139.80313,109,25.24248
-387.03314,93,25.253844
-114.17657,97,25.288004
-141.45856,103,25.288064
-181.97824,120,25.311051
-179.12793,72,25.325478
-149.80692,95,25.325534
-88.72654,120,25.336894
-73.08467,127,25.38005
-85.73757,63,25.448667
-369.59808,98,25.448724
-102.599556,114,25.526261
-280.3107,110,25.540886
-250.82321,104,25.55306
-145.6854,105,25.585596
-86.83957,60,25.597389
-118.7874,99,25.597445
-365.0897,124,25.608917
-109.17286,84,25.620485
-53.892624,66,25.63236
-191.75859,66,25.634728
-159.23625,83,25.656698
-462.12497,110,25.667636
-192.92621,94,25.700527
-189.52612,75,25.735565
-121.67813,70,25.737934
-90.70967,63,25.737978
-215.8729,103,25.749041
-169.87059,83,25.793967
-387.77533,117,25.794026
-458.90997,122,25.794046
-398.32452,49,26.294947
-410.56964,50,26.308343
-414.25766,50,26.308404
-336.1771,50,26.308424
-366.93665,50,26.308441
-392.72006,51,26.320329
-437.09366,51,26.320391
-377.414,52,26.332868
-380.93396,52,26.332925
-456.85205,52,26.332943
-483.33865,53,26.343934
-447.8409,54,26.357237
-469.20853,54,26.357293
-481.25085,54,26.357312
-495.21878,54,26.35733
-475.8205,54,26.357344
-503.7954,55,26.368505
-431.70007,55,26.368561
-538.2258,58,26.401978
-443.94727,58,26.402037
-435.82376,60,26.424708
-565.29175,60,26.424766
-567.2886,60,26.424786
-476.17905,60,26.424801
-591.3028,61,26.43553
-613.33044,62,26.449757
-513.2715,62,26.449813
-590.84454,62,26.449832
-527.99915,62,26.449848
-467.66156,62,26.449862
-601.4697,62,26.449876
-600.41705,62,26.44989
-499.05933,65,26.479479
-547.7152,65,26.479534
-633.5518,66,26.489473
-536.3372,67,26.499642
-583.5608,68,26.512173
-634.8348,69,26.522258
-661.75256,70,26.532305
-688.23016,71,26.543113
-605.6881,71,26.543172
-561.9869,73,26.562656
-675.27893,74,26.573295
-610.8373,74,26.573352
-522.93317,75,26.583085
-799.86975,76,26.59281
-743.095,79,26.631286
-565.4298,80,26.640543
-771.1222,83,26.666565
-914.8993,85,26.684255
-314.9267,51,26.884597
-391.2001,51,26.884658
-226.62363,55,26.906545
-281.04187,57,26.917956
-309.07446,61,26.94195
-436.65002,58,26.964691
-328.2975,57,26.964751
-508.75778,63,26.975999
-409.36884,64,26.987856
-279.3706,61,26.987912
-465.15726,65,27.019905
-312.80234,67,27.041651
-372.2331,58,27.055712
-550.29346,71,27.067708
-504.16327,71,27.067762
-297.0453,62,27.078543
-336.97168,70,27.100495
-275.15924,467,114.835117
-248.24855,658,127.101619
-282.6579,668,127.814737
-231.91786,779,136.116547
-281.54962,782,136.354841
-275.48492,859,142.493813
-313.89636,892,145.19749
-314.32153,960,150.932565
-288.68387,967,151.543107
-288.78387,983,152.904009
-186.82213,1000,154.395454
-173.53639,1000,154.395553
-253.89105,1000,154.39559
-158.83086,1000,154.39561
-179.05592,1000,154.395623
-264.2431,1000,154.395635
-229.24448,1000,154.395648
-224.97939,1000,154.39566
-167.85896,1000,154.395672
-157.5093,1000,154.395684
-207.70753,1000,154.395696
-231.23827,1000,154.395708
-220.65807,1000,154.395721
-203.53485,1000,154.395733
-174.1175,1000,154.395745
-198.46771,1000,154.395757
-217.1192,1000,154.395769
-191.2616,1000,154.395781
-182.0057,1000,154.395793
-183.50087,1000,154.395805
-242.91696,1000,154.395817
-169.37018,1000,154.395828
-226.29831,1000,154.395841
-169.5833,1000,154.395853
-239.65889,1000,154.395865
-165.3755,1000,154.395877
-215.00986,1000,154.395889
-200.73924,1000,154.3959
-160.43556,1000,154.395913
-168.00726,1000,154.395925
-197.50793,1000,154.395937
-243.49937,1000,154.395949
-201.72838,1000,154.395961
-203.63855,1000,154.395972
-211.57455,1000,154.395985
-224.12878,1000,154.395997
-200.81824,1000,154.396008
-209.31934,1000,154.396021
-179.45738,1000,154.396034
-192.65009,1000,154.396046
